slug,name,name_genitive,capital,population,councilor_count,status,voivodeship
aleksandrowski,aleksandrowski,Aleksandrowskiego,Aleksandrów Kujawski,53086,17,planned,kujawsko-pomorskie
augustowski,augustowski,Augustowskiego,Augustów,54022,17,planned,podlaskie
bartoszycki,bartoszycki,Bartoszyckiego,Bartoszyce,52001,17,planned,warmińsko-mazurskie
bedzinski,będziński,Będzińskiego,Będzin,143640,27,planned,śląskie
belchatowski,bełchatowski,Bełchatowskiego,Bełchatów,108003,23,planned,łódzkie
bialobrzeski,białobrzeski,Białobrzeskiego,Białobrzegi,32350,15,planned,mazowieckie
bialogardzki,białogardzki,Białogardzkiego,Białogard,43964,17,planned,zachodniopomorskie
bialostocki,białostocki,Białostockiego,Białystok,159170,27,planned,podlaskie
bialski,bialski,Bialskiego,Biała Podlaska,104108,23,planned,lubelskie
bielski-podlaski,bielski,Bielskiego,Bielsk Podlaski,49987,17,planned,podlaskie
bielski-slaski,bielski,Bielskiego,Bielsko-Biała,165708,29,planned,śląskie
bierunsko-ledzinski,bieruńsko-lędziński,Bieruńsko-Lędzińskiego,Bieruń,59400,17,planned,śląskie
bieszczadzki,bieszczadzki,Bieszczadzkiego,Ustrzyki Dolne,20423,15,planned,podkarpackie
bilgorajski,biłgorajski,Biłgorajskiego,Biłgoraj,95219,21,planned,lubelskie
bochenski,bocheński,Bocheńskiego,Bochnia,106985,23,planned,małopolskie
boleslawiecki,bolesławiecki,Bolesławieckiego,Bolesławiec,87255,21,planned,dolnośląskie
braniewski,braniewski,Braniewskiego,Braniewo,36812,15,planned,warmińsko-mazurskie
brodnicki,brodnicki,Brodnickiego,Brodnica,77345,19,planned,kujawsko-pomorskie
brzeski-malopolski,brzeski,Brzeskiego,Brzesko,91340,21,planned,małopolskie
brzeski-opolski,brzeski,Brzeskiego,Brzeg,85613,21,planned,opolskie
brzezinski,brzeziński,Brzezińskiego,Brzeziny,30080,15,planned,łódzkie
brzozowski,brzozowski,Brzozowskiego,Brzozów,62822,19,planned,podkarpackie
buski,buski,Buskiego,Busko-Zdrój,67157,19,planned,świętokrzyskie
bydgoski,bydgoski,Bydgoskiego,Bydgoszcz,127915,25,planned,kujawsko-pomorskie
bytowski,bytowski,Bytowskiego,Bytów,76266,19,planned,pomorskie
chelminski,chełmiński,Chełmińskiego,Chełmno,48715,17,planned,kujawsko-pomorskie
chelmski,chełmski,Chełmskiego,Chełm,73117,19,planned,lubelskie
chodzieski,chodzieski,Chodzieskiego,Chodzież,44876,17,planned,wielkopolskie
chojnicki,chojnicki,Chojnickiego,Chojnice,95536,21,planned,pomorskie
choszczenski,choszczeński,Choszczeńskiego,Choszczno,44105,17,planned,zachodniopomorskie
chrzanowski,chrzanowski,Chrzanowskiego,Chrzanów,117756,23,planned,małopolskie
ciechanowski,ciechanowski,Ciechanowskiego,Ciechanów,84565,21,planned,mazowieckie
cieszynski,cieszyński,Cieszyńskiego,Cieszyn,173694,29,planned,śląskie
czarnkowsko-trzcianecki,czarnkowsko-trzcianecki,Czarnkowsko-Trzcianeckiego,Czarnków,82852,21,planned,wielkopolskie
czestochowski,częstochowski,Częstochowskiego,Częstochowa,131042,25,planned,śląskie
czluchowski,człuchowski,Człuchowskiego,Człuchów,52747,17,planned,pomorskie
dabrowski,dąbrowski,Dąbrowskiego,Dąbrowa Tarnowska,57253,17,planned,małopolskie
debicki,dębicki,Dębickiego,Dębica,131981,25,planned,podkarpackie
drawski,drawski,Drawskiego,Drawsko Pomorskie,53003,17,planned,zachodniopomorskie
dzialdowski,działdowski,Działdowskiego,Działdowo,61003,19,planned,warmińsko-mazurskie
dzierzoniowski,dzierżoniowski,Dzierżoniowskiego,Dzierżoniów,93863,21,planned,dolnośląskie
elblaski,elbląski,Elbląskiego,Elbląg,53765,17,planned,warmińsko-mazurskie
elcki,ełcki,Ełckiego,Ełk,87992,21,planned,warmińsko-mazurskie
garwolinski,garwoliński,Garwolińskiego,Garwolin,105213,23,planned,mazowieckie
gdanski,gdański,Gdańskiego,Gdańsk,133490,25,planned,pomorskie
gizycki,giżycki,Giżyckiego,Giżycko,53165,17,planned,warmińsko-mazurskie
gliwicki,gliwicki,Gliwickiego,Gliwice,112952,23,planned,śląskie
glogowski,głogowski,Głogowskiego,Głogów,84387,21,planned,dolnośląskie
glubczycki,głubczycki,Głubczyckiego,Głubczyce,42092,17,planned,opolskie
gnieznienski,gnieźnieński,Gnieźnieńskiego,Gniezno,140653,27,planned,wielkopolskie
goldapski,gołdapski,Gołdapskiego,Gołdap,24612,15,planned,warmińsko-mazurskie
goleniowski,goleniowski,Goleniowskiego,Goleniów,81118,21,planned,zachodniopomorskie
golubsko-dobrzynski,golubsko-dobrzyński,Golubsko-Dobrzyńskiego,Golub-Dobrzyń,42998,17,planned,kujawsko-pomorskie
gorlicki,gorlicki,Gorlickiego,Gorlice,104592,23,planned,małopolskie
gorowski,górowski,Górowskiego,Góra,32054,15,planned,dolnośląskie
gorzowski,gorzowski,Gorzowskiego,Gorzów Wielkopolski,74079,19,planned,lubuskie
gostyninski,gostyniński,Gostynińskiego,Gostynin,41756,17,planned,mazowieckie
gostynski,gostyński,Gostyńskiego,Gostyń,72977,19,planned,wielkopolskie
grajewski,grajewski,Grajewskiego,Grajewo,43756,17,planned,podlaskie
grodziski-mazowiecki,grodziski,Grodziskiego,Grodzisk Mazowiecki,106973,23,planned,mazowieckie
grodziski-wielkopolski,grodziski,Grodziskiego,Grodzisk Wielkopolski,51541,17,planned,wielkopolskie
grojecki,grójecki,Grójeckiego,Grójec,96662,21,planned,mazowieckie
grudziadzki,grudziądzki,Grudziądzkiego,Grudziądz,39123,15,planned,kujawsko-pomorskie
gryficki,gryficki,Gryfickiego,Gryfice,56095,17,planned,zachodniopomorskie
gryfinski,gryfiński,Gryfińskiego,Gryfino,76489,19,planned,zachodniopomorskie
hajnowski,hajnowski,Hajnowskiego,Hajnówka,38237,15,planned,podlaskie
hrubieszowski,hrubieszowski,Hrubieszowskiego,Hrubieszów,55911,17,planned,lubelskie
ilawski,iławski,Iławskiego,Iława,89540,21,planned,warmińsko-mazurskie
inowroclawski,inowrocławski,Inowrocławskiego,Inowrocław,149000,27,planned,kujawsko-pomorskie
janowski,janowski,Janowskiego,Janów Lubelski,42260,17,planned,lubelskie
jarocinski,jarociński,Jarocińskiego,Jarocin,69540,19,planned,wielkopolskie
jaroslawski,jarosławski,Jarosławskiego,Jarosław,115103,23,planned,podkarpackie
jasielski,jasielski,Jasielskiego,Jasło,108084,23,planned,podkarpackie
jaworski,jaworski,Jaworskiego,Jawor,46822,17,planned,dolnośląskie
jedrzejowski,jędrzejowski,Jędrzejowskiego,Jędrzejów,80365,21,planned,świętokrzyskie
kaliski,kaliski,Kaliskiego,Kalisz,81950,21,planned,wielkopolskie
kamiennogorski,kamiennogórski,Kamiennogórskiego,Kamienna Góra,39875,15,planned,dolnośląskie
kamienski,kamieński,Kamieńskiego,Kamień Pomorski,43773,17,planned,zachodniopomorskie
karkonoski,karkonoski,Karkonoskiego,Jelenia Góra,59864,17,planned,dolnośląskie
kartuski,kartuski,Kartuskiego,Kartuzy,155382,27,planned,pomorskie
kazimierski,kazimierski,Kazimierskiego,Kazimierza Wielka,31373,15,planned,świętokrzyskie
kedzierzynsko-kozielski,kędzierzyńsko-kozielski,Kędzierzyńsko-Kozielskiego,Kędzierzyn-Koźle,85435,21,planned,opolskie
kepinski,kępiński,Kępińskiego,Kępno,55762,17,planned,wielkopolskie
ketrzynski,kętrzyński,Kętrzyńskiego,Kętrzyn,56262,17,planned,warmińsko-mazurskie
kielecki,kielecki,Kieleckiego,Kielce,211645,29,planned,świętokrzyskie
klobucki,kłobucki,Kłobuckiego,Kłobuck,81495,21,planned,śląskie
klodzki,kłodzki,Kłodzkiego,Kłodzko,145243,27,planned,dolnośląskie
kluczborski,kluczborski,Kluczborskiego,Kluczbork,60536,19,planned,opolskie
kolbuszowski,kolbuszowski,Kolbuszowskiego,Kolbuszowa,60895,19,planned,podkarpackie
kolnenski,kolneński,Kolneńskiego,Kolno,35440,15,planned,podlaskie
kolobrzeski,kołobrzeski,Kołobrzeskiego,Kołobrzeg,76390,19,planned,zachodniopomorskie
kolski,kolski,Kolskiego,Koło,80743,21,planned,wielkopolskie
konecki,konecki,Koneckiego,Końskie,72810,19,planned,świętokrzyskie
koninski,koniński,Konińskiego,Konin,128469,25,planned,wielkopolskie
koscianski,kościański,Kościańskiego,Kościan,76875,19,planned,wielkopolskie
koscierski,kościerski,Kościerskiego,Kościerzyna,72113,19,planned,pomorskie
koszalinski,koszaliński,Koszalińskiego,Koszalin,64359,19,planned,zachodniopomorskie
kozienicki,kozienicki,Kozienickiego,Kozienice,56754,17,planned,mazowieckie
krakowski,krakowski,Krakowskiego,Kraków,304278,29,planned,małopolskie
krapkowicki,krapkowicki,Krapkowickiego,Krapkowice,59288,17,planned,opolskie
krasnicki,kraśnicki,Kraśnickiego,Kraśnik,88198,21,planned,lubelskie
krasnostawski,krasnostawski,Krasnostawskiego,Krasnystaw,58307,17,planned,lubelskie
krosnienski-lubuski,krośnieński,Krośnieńskiego,Krosno Odrzańskie,52187,17,planned,lubuskie
krosnienski-podkarpacki,krośnieński,Krośnieńskiego,Krosno,108034,23,planned,podkarpackie
krotoszynski,krotoszyński,Krotoszyńskiego,Krotoszyn,74463,19,planned,wielkopolskie
kutnowski,kutnowski,Kutnowskiego,Kutno,89709,21,planned,łódzkie
kwidzynski,kwidzyński,Kwidzyńskiego,Kwidzyn,79612,19,planned,pomorskie
lancucki,łańcucki,Łańcuckiego,Łańcut,80749,21,planned,podkarpackie
laski,łaski,Łaskiego,Łask,48498,17,planned,łódzkie
leborski,lęborski,Lęborskiego,Lębork,63448,19,planned,pomorskie
leczycki,łęczycki,Łęczyckiego,Łęczyca,46137,17,planned,łódzkie
leczynski,łęczyński,Łęczyńskiego,Łęczna,55531,17,planned,lubelskie
legionowski,legionowski,Legionowskiego,Legionowo,133097,25,planned,mazowieckie
legnicki,legnicki,Legnickiego,Legnickie Pole,54967,17,planned,dolnośląskie
leski,leski,Leskiego,Lesko,25224,15,planned,podkarpackie
leszczynski,leszczyński,Leszczyńskiego,Leszno,60562,19,planned,wielkopolskie
lezajski,leżajski,Leżajskiego,Leżajsk,66263,19,planned,podkarpackie
lidzbarski,lidzbarski,Lidzbarskiego,Lidzbark Warmiński,37756,15,planned,warmińsko-mazurskie
limanowski,limanowski,Limanowskiego,Limanowa,131626,25,planned,małopolskie
lipnowski,lipnowski,Lipnowskiego,Lipno,62058,19,planned,kujawsko-pomorskie
lipski,lipski,Lipskiego,Lipsko,31251,15,planned,mazowieckie
lobeski,łobeski,Łobeskiego,Łobez,32974,15,planned,zachodniopomorskie
lodzki-wschodni,łódzki wschodni,Łódzkiego Wschodniego,Łódź,75149,19,planned,łódzkie
lomzynski,łomżyński,Łomżyńskiego,Łomża,49496,17,planned,podlaskie
losicki,łosicki,Łosickiego,Łosice,28338,15,planned,mazowieckie
lowicki,łowicki,Łowickiego,Łowicz,73368,19,planned,łódzkie
lubaczowski,lubaczowski,Lubaczowskiego,Lubaczów,51997,17,planned,podkarpackie
lubanski,lubański,Lubańskiego,Lubań,50909,17,planned,dolnośląskie
lubartowski,lubartowski,Lubartowskiego,Lubartów,83385,21,planned,lubelskie
lubelski,lubelski,Lubelskiego,Lublin,165359,29,planned,lubelskie
lubinski,lubiński,Lubińskiego,Lubin,102376,23,planned,dolnośląskie
lubliniecki,lubliniecki,Lublinieckiego,Lubliniec,74419,19,planned,śląskie
lukowski,łukowski,Łukowskiego,Łuków,100230,23,planned,lubelskie
lwowecki,lwówecki,Lwóweckiego,Lwówek Śląski,42465,17,planned,dolnośląskie
makowski,makowski,Makowskiego,Maków Mazowiecki,41254,17,planned,mazowieckie
malborski,malborski,Malborskiego,Malbork,60351,19,planned,pomorskie
miechowski,miechowski,Miechowskiego,Miechów,46305,17,planned,małopolskie
miedzychodzki,międzychodzki,Międzychodzkiego,Międzychód,35485,15,planned,wielkopolskie
miedzyrzecki,międzyrzecki,Międzyrzeckiego,Międzyrzecz,54439,17,planned,lubuskie
mielecki,mielecki,Mieleckiego,Mielec,132484,25,planned,podkarpackie
mikolowski,mikołowski,Mikołowskiego,Mikołów,100019,23,planned,śląskie
milicki,milicki,Milickiego,Milicz,35396,15,planned,dolnośląskie
minski,miński,Mińskiego,Mińsk Mazowiecki,159535,27,planned,mazowieckie
mlawski,mławski,Mławskiego,Mława,68556,19,planned,mazowieckie
mogilenski,mogileński,Mogileńskiego,Mogilno,43209,17,planned,kujawsko-pomorskie
moniecki,moniecki,Monieckiego,Mońki,36975,15,planned,podlaskie
mragowski,mrągowski,Mrągowskiego,Mrągowo,47074,17,planned,warmińsko-mazurskie
myslenicki,myślenicki,Myślenickiego,Myślenice,129984,25,planned,małopolskie
mysliborski,myśliborski,Myśliborskiego,Myślibórz,61756,19,planned,zachodniopomorskie
myszkowski,myszkowski,Myszkowskiego,Myszków,67049,19,planned,śląskie
nakielski,nakielski,Nakielskiego,Nakło nad Notecią,82435,21,planned,kujawsko-pomorskie
namyslowski,namysłowski,Namysłowskiego,Namysłów,41753,17,planned,opolskie
nidzicki,nidzicki,Nidzickiego,Nidzica,30207,15,planned,warmińsko-mazurskie
nizanski,niżański,Niżańskiego,Nisko,63189,19,planned,podkarpackie
nowodworski-mazowiecki,nowodworski,Nowodworskiego,Nowy Dwór Mazowiecki,79351,19,planned,mazowieckie
nowodworski-pomorski,nowodworski,Nowodworskiego,Nowy Dwór Gdański,33392,15,planned,pomorskie
nowomiejski,nowomiejski,Nowomiejskiego,Nowe Miasto Lubawskie,41726,17,planned,warmińsko-mazurskie
nowosadecki,nowosądecki,Nowosądeckiego,Nowy Sącz,214876,29,planned,małopolskie
nowosolski,nowosolski,Nowosolskiego,Nowa Sól,81809,21,planned,lubuskie
nowotarski,nowotarski,Nowotarskiego,Nowy Targ,189984,29,planned,małopolskie
nowotomyski,nowotomyski,Nowotomyskiego,Nowy Tomyśl,75015,19,planned,wielkopolskie
nyski,nyski,Nyskiego,Nysa,126897,25,planned,opolskie
obornicki,obornicki,Obornickiego,Oborniki,58657,17,planned,wielkopolskie
olawski,oławski,Oławskiego,Oława,77387,19,planned,dolnośląskie
olecki,olecki,Oleckiego,Olecko,31717,15,planned,warmińsko-mazurskie
oleski,oleski,Oleskiego,Olesno,60798,19,planned,opolskie
olesnicki,oleśnicki,Oleśnickiego,Oleśnica,106706,23,planned,dolnośląskie
olkuski,olkuski,Olkuskiego,Olkusz,105000,23,planned,małopolskie
olsztynski,olsztyński,Olsztyńskiego,Olsztyn,130560,25,planned,warmińsko-mazurskie
opatowski,opatowski,Opatowskiego,Opatów,47876,17,planned,świętokrzyskie
opoczynski,opoczyński,Opoczyńskiego,Opoczno,71234,19,planned,łódzkie
opolski-lubelski,opolski,Opolskiego,Opole Lubelskie,55078,17,planned,lubelskie
opolski-opolski,opolski,Opolskiego,Opole,120754,25,planned,opolskie
ostrodzki,ostródzki,Ostródzkiego,Ostróda,98242,21,planned,warmińsko-mazurskie
ostrolecki,ostrołęcki,Ostrołęckiego,Ostrołęka,87397,21,planned,mazowieckie
ostrowiecki,ostrowiecki,Ostrowieckiego,Ostrowiec Świętokrzyski,98766,21,planned,świętokrzyskie
ostrowski-mazowiecki,ostrowski,Ostrowskiego,Ostrów Mazowiecka,67854,19,planned,mazowieckie
ostrowski-wielkopolski,ostrowski,Ostrowskiego,Ostrów Wielkopolski,157734,27,planned,wielkopolskie
ostrzeszowski,ostrzeszowski,Ostrzeszowskiego,Ostrzeszów,54319,17,planned,wielkopolskie
oswiecimski,oświęcimski,Oświęcimskiego,Oświęcim,147678,27,planned,małopolskie
otwocki,otwocki,Otwockiego,Otwock,126669,25,planned,mazowieckie
pabianicki,pabianicki,Pabianickiego,Pabianice,118704,23,planned,łódzkie
pajeczanski,pajęczański,Pajęczańskiego,Pajęczno,48086,17,planned,łódzkie
parczewski,parczewski,Parczewskiego,Parczew,31832,15,planned,lubelskie
piaseczynski,piaseczyński,Piaseczyńskiego,Piaseczno,217738,29,planned,mazowieckie
pilski,pilski,Pilskiego,Piła,129629,25,planned,wielkopolskie
pinczowski,pińczowski,Pińczowskiego,Pińczów,36283,15,planned,świętokrzyskie
piotrkowski,piotrkowski,Piotrkowskiego,Piotrków Trybunalski,89717,21,planned,łódzkie
piski,piski,Piskiego,Pisz,51550,17,planned,warmińsko-mazurskie
pleszewski,pleszewski,Pleszewskiego,Pleszew,60871,19,planned,wielkopolskie
plocki,płocki,Płockiego,Płock,109144,23,planned,mazowieckie
plonski,płoński,Płońskiego,Płońsk,83436,21,planned,mazowieckie
poddebicki,poddębicki,Poddębickiego,Poddębice,39169,15,planned,łódzkie
policki,policki,Polickiego,Police,86834,21,planned,zachodniopomorskie
polkowicki,polkowicki,Polkowickiego,Polkowice,60913,19,planned,dolnośląskie
poznanski,poznański,Poznańskiego,Poznań,454283,29,planned,wielkopolskie
proszowicki,proszowicki,Proszowickiego,Proszowice,41929,17,planned,małopolskie
prudnicki,prudnicki,Prudnickiego,Prudnik,50875,17,planned,opolskie
pruszkowski,pruszkowski,Pruszkowskiego,Pruszków,181026,29,planned,mazowieckie
przasnyski,przasnyski,Przasnyskiego,Przasnysz,48615,17,planned,mazowieckie
przemyski,przemyski,Przemyskiego,Przemyśl,70688,19,planned,podkarpackie
przeworski,przeworski,Przeworskiego,Przeworsk,75370,19,planned,podkarpackie
przysuski,przysuski,Przysuskiego,Przysucha,38291,15,planned,mazowieckie
pszczynski,pszczyński,Pszczyńskiego,Pszczyna,110722,23,planned,śląskie
pucki,pucki,Puckiego,Puck,92383,21,planned,pomorskie
pulawski,puławski,Puławskiego,Puławy,106181,23,planned,lubelskie
pultuski,pułtuski,Pułtuskiego,Pułtusk,50163,17,planned,mazowieckie
pyrzycki,pyrzycki,Pyrzyckiego,Pyrzyce,35991,15,planned,zachodniopomorskie
raciborski,raciborski,Raciborskiego,Racibórz,98665,21,planned,śląskie
radomski,radomski,Radomskiego,Radom,151367,27,planned,mazowieckie
radomszczanski,radomszczański,Radomszczańskiego,Radomsko,105623,23,planned,łódzkie
radziejowski,radziejowski,Radziejowskiego,Radziejów,37331,15,planned,kujawsko-pomorskie
radzynski,radzyński,Radzyńskiego,Radzyń Podlaski,54531,17,planned,lubelskie
rawicki,rawicki,Rawickiego,Rawicz,58338,17,planned,wielkopolskie
rawski,rawski,Rawskiego,Rawa Mazowiecka,45664,17,planned,łódzkie
ropczycko-sedziszowski,ropczycko-sędziszowski,Ropczycko-Sędziszowskiego,Ropczyce,74083,19,planned,podkarpackie
rybnicki,rybnicki,Rybnickiego,Rybnik,76250,19,planned,śląskie
rycki,rycki,Ryckiego,Ryki,50898,17,planned,lubelskie
rypinski,rypiński,Rypińskiego,Rypin,40798,17,planned,kujawsko-pomorskie
rzeszowski,rzeszowski,Rzeszowskiego,Rzeszów,176821,29,planned,podkarpackie
sandomierski,sandomierski,Sandomierskiego,Sandomierz,70999,19,planned,świętokrzyskie
sanocki,sanocki,Sanockiego,Sanok,89001,21,planned,podkarpackie
sejnenski,sejneński,Sejneńskiego,Sejny,18434,15,planned,podlaskie
sepolenski,sępoleński,Sępoleńskiego,Sępólno Krajeńskie,38633,15,planned,kujawsko-pomorskie
siedlecki,siedlecki,Siedleckiego,Siedlce,80446,21,planned,mazowieckie
siemiatycki,siemiatycki,Siemiatyckiego,Siemiatycze,40212,17,planned,podlaskie
sieradzki,sieradzki,Sieradzkiego,Sieradz,110665,23,planned,łódzkie
sierpecki,sierpecki,Sierpeckiego,Sierpc,47742,17,planned,mazowieckie
skarzyski,skarżyski,Skarżyskiego,Skarżysko-Kamienna,67152,19,planned,świętokrzyskie
skierniewicki,skierniewicki,Skierniewickiego,Skierniewice,37670,15,planned,łódzkie
slawienski,sławieński,Sławieńskiego,Sławno,52394,17,planned,zachodniopomorskie
slubicki,słubicki,Słubickiego,Słubice,45679,17,planned,lubuskie
slupecki,słupecki,Słupeckiego,Słupca,56994,17,planned,wielkopolskie
slupski,słupski,Słupskiego,Słupsk,95888,21,planned,pomorskie
sochaczewski,sochaczewski,Sochaczewskiego,Sochaczew,82854,21,planned,mazowieckie
sokolowski,sokołowski,Sokołowskiego,Sokołów Podlaski,49551,17,planned,mazowieckie
sokolski,sokólski,Sokólskiego,Sokółka,60592,19,planned,podlaskie
sredzki-dolnoslaski,średzki,Średzkiego,Środa Śląska,59713,17,planned,dolnośląskie
sredzki-wielkopolski,średzki,Średzkiego,Środa Wielkopolska,60058,19,planned,wielkopolskie
sremski,śremski,Śremskiego,Śrem,60939,19,planned,wielkopolskie
stalowowolski,stalowowolski,Stalowowolskiego,Stalowa Wola,100034,23,planned,podkarpackie
starachowicki,starachowicki,Starachowickiego,Starachowice,82681,21,planned,świętokrzyskie
stargardzki,stargardzki,Stargardzkiego,Stargard,118844,23,planned,zachodniopomorskie
starogardzki,starogardzki,Starogardzkiego,Starogard Gdański,124774,25,planned,pomorskie
staszowski,staszowski,Staszowskiego,Staszów,67817,19,planned,świętokrzyskie
strzelecki,strzelecki,Strzeleckiego,Strzelce Opolskie,70763,19,planned,opolskie
strzelecko-drezdenecki,strzelecko-drezdenecki,Strzelecko-Drezdeneckiego,Strzelce Krajeńskie,46204,17,planned,lubuskie
strzelinski,strzeliński,Strzelińskiego,Strzelin,41473,17,planned,dolnośląskie
strzyzowski,strzyżowski,Strzyżowskiego,Strzyżów,58775,17,planned,podkarpackie
sulecinski,sulęciński,Sulęcińskiego,Sulęcin,33191,15,planned,lubuskie
suski,suski,Suskiego,Sucha Beskidzka,82546,21,planned,małopolskie
suwalski,suwalski,Suwalskiego,Suwałki,34585,15,planned,podlaskie
swidnicki-dolnoslaski,świdnicki,Świdnickiego,Świdnica,149312,27,planned,dolnośląskie
swidnicki-lubelski,świdnicki,Świdnickiego,Świdnik,68991,19,planned,lubelskie
swidwinski,świdwiński,Świdwińskiego,Świdwin,42754,17,planned,zachodniopomorskie
swiebodzinski,świebodziński,Świebodzińskiego,Świebodzin,53609,17,planned,lubuskie
swiecki,świecki,Świeckiego,Świecie,94358,21,planned,kujawsko-pomorskie
szamotulski,szamotulski,Szamotulskiego,Szamotuły,91631,21,planned,wielkopolskie
szczecinecki,szczecinecki,Szczecineckiego,Szczecinek,72023,19,planned,zachodniopomorskie
szczycienski,szczycieński,Szczycieńskiego,Szczytno,66133,19,planned,warmińsko-mazurskie
sztumski,sztumski,Sztumskiego,Sztum,37836,15,planned,pomorskie
szydlowiecki,szydłowiecki,Szydłowieckiego,Szydłowiec,37244,15,planned,mazowieckie
tarnobrzeski,tarnobrzeski,Tarnobrzeskiego,Tarnobrzeg,50550,17,planned,podkarpackie
tarnogorski,tarnogórski,Tarnogórskiego,Tarnowskie Góry,138856,25,planned,śląskie
tarnowski,tarnowski,Tarnowskiego,Tarnów,197119,29,planned,małopolskie
tatrzanski,tatrzański,Tatrzańskiego,Zakopane,66346,19,planned,małopolskie
tczewski,tczewski,Tczewskiego,Tczew,110511,23,planned,pomorskie
tomaszowski-lodzki,tomaszowski,Tomaszowskiego,Tomaszów Mazowiecki,109588,23,planned,łódzkie
tomaszowski-lubelski,tomaszowski,Tomaszowskiego,Tomaszów Lubelski,76155,19,planned,lubelskie
torunski,toruński,Toruńskiego,Toruń,114956,23,planned,kujawsko-pomorskie
trzebnicki,trzebnicki,Trzebnickiego,Trzebnica,87765,21,planned,dolnośląskie
tucholski,tucholski,Tucholskiego,Tuchola,46763,17,planned,kujawsko-pomorskie
turecki,turecki,Tureckiego,Turek,80513,21,planned,wielkopolskie
wabrzeski,wąbrzeski,Wąbrzeskiego,Wąbrzeźno,32155,15,planned,kujawsko-pomorskie
wadowicki,wadowicki,Wadowickiego,Wadowice,157099,27,planned,małopolskie
wagrowiecki,wągrowiecki,Wągrowieckiego,Wągrowiec,68899,19,planned,wielkopolskie
walbrzyski,wałbrzyski,Wałbrzyskiego,Wałbrzych,52275,17,planned,dolnośląskie
walecki,wałecki,Wałeckiego,Wałcz,49384,17,planned,zachodniopomorskie
warszawski-zachodni,warszawski zachodni,Warszawskiego Zachodniego,Warszawa,136493,25,planned,mazowieckie
wegorzewski,węgorzewski,Węgorzewskiego,Węgorzewo,20611,15,planned,warmińsko-mazurskie
wegrowski,węgrowski,Węgrowskiego,Węgrów,61472,19,planned,mazowieckie
wejherowski,wejherowski,Wejherowskiego,Wejherowo,230818,29,planned,pomorskie
wielicki,wielicki,Wielickiego,Wieliczka,145276,27,planned,małopolskie
wielunski,wieluński,Wieluńskiego,Wieluń,72013,19,planned,łódzkie
wieruszowski,wieruszowski,Wieruszowskiego,Wieruszów,41295,17,planned,łódzkie
wloclawski,włocławski,Włocławskiego,Włocławek,81591,21,planned,kujawsko-pomorskie
wlodawski,włodawski,Włodawskiego,Włodawa,34989,15,planned,lubelskie
wloszczowski,włoszczowski,Włoszczowskiego,Włoszczowa,42530,17,planned,świętokrzyskie
wodzislawski,wodzisławski,Wodzisławskiego,Wodzisław Śląski,149463,27,planned,śląskie
wolominski,wołomiński,Wołomińskiego,Wołomin,277725,29,planned,mazowieckie
wolowski,wołowski,Wołowskiego,Wołów,45112,17,planned,dolnośląskie
wolsztynski,wolsztyński,Wolsztyńskiego,Wolsztyn,56446,17,planned,wielkopolskie
wroclawski,wrocławski,Wrocławskiego,Wrocław,191110,29,planned,dolnośląskie
wrzesinski,wrzesiński,Wrzesińskiego,Września,78199,19,planned,wielkopolskie
wschowski,wschowski,Wschowskiego,Wschowa,37002,15,planned,lubuskie
wysokomazowiecki,wysokomazowiecki,Wysokomazowieckiego,Wysokie Mazowieckie,52834,17,planned,podlaskie
wyszkowski,wyszkowski,Wyszkowskiego,Wyszków,73179,19,planned,mazowieckie
zabkowicki,ząbkowicki,Ząbkowickiego,Ząbkowice Śląskie,59803,17,planned,dolnośląskie
zaganski,żagański,Żagańskiego,Żagań,72933,19,planned,lubuskie
zambrowski,zambrowski,Zambrowskiego,Zambrów,41109,17,planned,podlaskie
zamojski,zamojski,Zamojskiego,Zamość,100017,23,planned,lubelskie
zarski,żarski,Żarskiego,Żary,90364,21,planned,lubuskie
zawiercianski,zawierciański,Zawierciańskiego,Zawiercie,110383,23,planned,śląskie
zdunskowolski,zduńskowolski,Zduńskowolskiego,Zduńska Wola,62876,19,planned,łódzkie
zgierski,zgierski,Zgierskiego,Zgierz,165840,29,planned,łódzkie
zgorzelecki,zgorzelecki,Zgorzeleckiego,Zgorzelec,84337,21,planned,dolnośląskie
zielonogorski,zielonogórski,Zielonogórskiego,Zielona Góra,74754,19,planned,lubuskie
zlotoryjski,złotoryjski,Złotoryjskiego,Złotoryja,40213,17,planned,dolnośląskie
zlotowski,złotowski,Złotowskiego,Złotów,66975,19,planned,wielkopolskie
zninski,żniński,Żnińskiego,Żnin,67080,19,planned,kujawsko-pomorskie
zurominski,żuromiński,Żuromińskiego,Żuromin,35122,15,planned,mazowieckie
zwolenski,zwoleński,Zwoleńskiego,Zwoleń,34091,15,planned,mazowieckie
zyrardowski,żyrardowski,Żyrardowskiego,Żyrardów,74935,19,planned,mazowieckie
zywiecki,żywiecki,Żywieckiego,Żywiec,148090,27,planned,śląskie
