slug,city_name,teryt,gmina_name,powiat,woj,status
aleksandrow-kujawski,Aleksandrów Kujawski,0401011,Aleksandrów Kujawski,0401,04,matched
amsterdam,Amsterdam,,,,,foreign
augustow,Augustów,2001011,Augustów,2001,20,matched
bartoszyce,Bartoszyce,2801011,Bartoszyce,2801,28,matched
bedzin,Będzin,2401011,Będzin,2401,24,matched
belchatow,Bełchatów,1001011,Bełchatów,1001,10,matched
berlin,Berlin,,,,,foreign
bialystok,Białystok,2061011,Białystok,2061,20,matched
bielawa,Bielawa,0202011,Bielawa,0202,02,matched
bielsko-biala,Bielsko-Biała,2461011,Bielsko-Biała,2461,24,matched
bierun,Bieruń,2414011,Bieruń,2414,24,matched
bochnia,Bochnia,1201011,Bochnia,1201,12,matched
boguszow-gorce,Boguszów-Gorce,0221011,Boguszów-Gorce,0221,02,matched
boleslawiec,Bolesławiec,0201011,Bolesławiec,0201,02,matched
braniewo,Braniewo,2802011,Braniewo,2802,28,matched
bransk,Brańsk,2003021,Brańsk,2003,20,matched
bratislava,Bratislava,,,,,foreign
brodnica,Brodnica,0402011,Brodnica,0402,04,matched
budapest,Budapest,,,,,foreign
bukowno,Bukowno,1212011,Bukowno,1212,12,matched
bydgoszcz,Bydgoszcz,0461011,Bydgoszcz,0461,04,matched
bytom,Bytom,2462011,Bytom,2462,24,matched
chodziez,Chodzież,3001011,Chodzież,3001,30,matched
chojnice,Chojnice,2202011,Chojnice,2202,22,matched
chorzow,Chorzów,2463011,Chorzów,2463,24,matched
ciechocinek,Ciechocinek,0401021,Ciechocinek,0401,04,matched
copenhagen,København,,,,,foreign
czarnkow,Czarnków,3002011,Czarnków,3002,30,matched
czeladz,Czeladź,2401021,Czeladź,2401,24,matched
czestochowa,Częstochowa,2464011,Częstochowa,2464,24,matched
czluchow,Człuchów,2203011,Człuchów,2203,22,matched
dabrowa-gornicza,Dąbrowa Górnicza,2465011,Dąbrowa Górnicza,2465,24,matched
debica,Dębica,1803011,Dębica,1803,18,matched
deblin,Dęblin,0616011,Dęblin,0616,06,matched
denhaag,Den Haag,,,,,foreign
dnipro,Дніпро,,,,,foreign
dynow,Dynów,1816011,Dynów,1816,18,matched
dzierzoniow,Dzierżoniów,0202021,Dzierżoniów,0202,02,matched
elblag,Elbląg,2861011,Elbląg,2861,28,matched
elk,Ełk,2805011,Ełk,2805,28,matched
gdansk,Gdańsk,2261011,Gdańsk,2261,22,matched
gdynia,Gdynia,2262011,Gdynia,2262,22,matched
gliwice,Gliwice,2466011,Gliwice,2466,24,matched
gozdnica,Gozdnica,0810011,Gozdnica,0810,08,matched
grajewo,Grajewo,2004011,Grajewo,2004,20,matched
ilawa,Iława,2807011,Iława,2807,28,matched
imielin,Imielin,2414021,Imielin,2414,24,matched
inowroclaw,Inowrocław,0407011,Inowrocław,0407,04,matched
jawor,Jawor,0205011,Jawor,0205,02,matched
jedlina-zdroj,Jedlina-Zdrój,0221021,Jedlina-Zdrój,0221,02,matched
jelenia-gora,Jelenia Góra,0261011,Jelenia Góra,0261,02,matched
jozefow,Józefów,1417011,Józefów,1417,14,matched
kalisz,Kalisz,3061011,Kalisz,3061,30,matched
katowice,Katowice,2469011,Katowice,2469,24,matched
ketrzyn,Kętrzyn,2808011,Kętrzyn,2808,28,matched
kielce,Kielce,2661011,Kielce,2661,26,matched
klaipeda,Klaipėda,,,,,foreign
kobylka,Kobyłka,1434011,Kobyłka,1434,14,matched
kolo,Koło,3009011,Koło,3009,30,matched
kolobrzeg,Kołobrzeg,3208011,Kołobrzeg,3208,32,matched
koscian,Kościan,3011011,Kościan,3011,30,matched
kowary,Kowary,0206021,Kowary,0206,02,matched
krakow,Kraków,1261011,Kraków,1261,12,matched
krasnik,Kraśnik,0607011,Kraśnik,0607,06,matched
krasnystaw,Krasnystaw,0606011,Krasnystaw,0606,06,matched
kutno,Kutno,1002011,Kutno,1002,10,matched
kyiv,Київ,,,,,foreign
lancut,Łańcut,1810011,Łańcut,1810,18,matched
leba,Łeba,2208021,Łeba,2208,22,matched
ledziny,Lędziny,2414031,Lędziny,2414,24,matched
legionowo,Legionowo,1408011,Legionowo,1408,14,matched
leszno,Leszno,3063011,Leszno,3063,30,matched
lezajsk,Leżajsk,1808011,Leżajsk,1808,18,matched
lipno,Lipno,0408011,Lipno,0408,04,matched
lodz,Łódź,1061011,Łódź,1061,10,matched
lomza,Łomża,2062011,Łomża,2062,20,matched
lubaczow,Lubaczów,1809011,Lubaczów,1809,18,matched
luban,Lubań,0210011,Lubań,0210,02,matched
lubartow,Lubartów,0608011,Lubartów,0608,06,matched
lubawa,Lubawa,2807021,Lubawa,2807,28,matched
lublin,Lublin,0663011,Lublin,0663,06,matched
lubon,Luboń,3021011,Luboń,3021,30,matched
lukow,Łuków,0611011,Łuków,0611,06,matched
marki,Marki,1434021,Marki,1434,14,matched
mikolow,Mikołów,2408021,Mikołów,2408,24,matched
milanowek,Milanówek,1405011,Milanówek,1405,14,matched
mragowo,Mrągowo,2810011,Mrągowo,2810,28,matched
myslowice,Mysłowice,2470011,Mysłowice,2470,24,matched
myszkow,Myszków,2409011,Myszków,2409,24,matched
nieszawa,Nieszawa,0401031,Nieszawa,0401,04,matched
nowy-sacz,Nowy Sącz,1262011,Nowy Sącz,1262,12,matched
olesnica,Oleśnica,0214011,Oleśnica,0214,02,matched
olsztyn,Olsztyn,2862011,Olsztyn,2862,28,matched
opole,Opole,1661011,Opole,1661,16,matched
orzesze,Orzesze,2408031,Orzesze,2408,24,matched
ostroda,Ostróda,2815011,Ostróda,2815,28,matched
ostroleka,Ostrołęka,1461011,Ostrołęka,1461,14,matched
oswiecim,Oświęcim,1213011,Oświęcim,1213,12,matched
otwock,Otwock,1417021,Otwock,1417,14,matched
paris,Paris,,,,,foreign
piastow,Piastów,1421011,Piastów,1421,14,matched
piechowice,Piechowice,0206031,Piechowice,0206,02,matched
pionki,Pionki,1425011,Pionki,1425,14,matched
plock,Płock,1462011,Płock,1462,14,matched
polanica-zdroj,Polanica-Zdrój,0208051,Polanica-Zdrój,0208,02,matched
poreba,Poręba,2416011,Poręba,2416,24,matched
poznan,Poznań,3064011,Poznań,3064,30,matched
praha,Praha,,,,,foreign
pruszkow,Pruszków,1421021,Pruszków,1421,14,matched
przemysl,Przemyśl,1862011,Przemyśl,1862,18,matched
puck,Puck,2211031,Puck,2211,22,matched
puszczykowo,Puszczykowo,3021021,Puszczykowo,3021,30,matched
pyskowice,Pyskowice,2405021,Pyskowice,2405,24,matched
raciborz,Racibórz,2411011,Racibórz,2411,24,matched
radlin,Radlin,2415021,Radlin,2415,24,matched
radom,Radom,1463011,Radom,1463,14,matched
radymno,Radymno,1804021,Radymno,1804,18,matched
reda,Reda,2215011,Reda,2215,22,matched
riga,Rīga,,,,,foreign
rostock,Rostock,,,,,foreign
rzeszow,Rzeszów,1863011,Rzeszów,1863,18,matched
sanok,Sanok,1817011,Sanok,1817,18,matched
schwerin,Schwerin,,,,,foreign
siedlce,Siedlce,1464011,Siedlce,1464,14,matched
sieradz,Sieradz,1014011,Sieradz,1014,10,matched
sierpc,Sierpc,1427011,Sierpc,1427,14,matched
slawkow,Sławków,2401081,Sławków,2401,24,matched
slawno,Sławno,3213021,Sławno,3213,32,matched
slupsk,Słupsk,2263011,Słupsk,2263,22,matched
sopot,Sopot,2264011,Sopot,2264,22,matched
sosnowiec,Sosnowiec,2475011,Sosnowiec,2475,24,matched
sulejowek,Sulejówek,1412151,Sulejówek,1412,14,matched
sulmierzyce,Sulmierzyce,3012011,Sulmierzyce,3012,30,matched
suwalki,Suwałki,2063011,Suwałki,2063,20,matched
swietochlowice,Świętochłowice,2476011,Świętochłowice,2476,24,matched
szczecin,Szczecin,3262011,Szczecin,3262,32,matched
szczyrk,Szczyrk,2402011,Szczyrk,2402,24,matched
tallinn,Tallinn,,,,,foreign
tarnobrzeg,Tarnobrzeg,1864011,Tarnobrzeg,1864,18,matched
tarnow,Tarnów,1263011,Tarnów,1263,12,matched
torun,Toruń,0463011,Toruń,0463,04,matched
tychy,Tychy,2477011,Tychy,2477,24,matched
ustka,Ustka,2212011,Ustka,2212,22,matched
ustron,Ustroń,2403021,Ustroń,2403,24,matched
vilnius,Vilnius,,,,,foreign
vinnytsia,Вінниця,,,,,foreign
wagrowiec,Wągrowiec,3028011,Wągrowiec,3028,30,matched
walbrzych,Wałbrzych,0265011,Wałbrzych,0265,02,matched
walcz,Wałcz,3217011,Wałcz,3217,32,matched
warszawa,Warszawa,1465011,Warszawa,1465,14,matched
wegrow,Węgrów,1433011,Węgrów,1433,14,matched
wejherowo,Wejherowo,2215031,Wejherowo,2215,22,matched
wisla,Wisła,2403031,Wisła,2403,24,matched
wloclawek,Włocławek,0464011,Włocławek,0464,04,matched
wojcieszow,Wojcieszów,0226011,Wojcieszów,0226,02,matched
wroclaw,Wrocław,0264011,Wrocław,0264,02,matched
zabrze,Zabrze,2478011,Zabrze,2478,24,matched
zagan,Żagań,0810021,Żagań,0810,08,matched
zakopane,Zakopane,1217011,Zakopane,1217,12,matched
zambrow,Zambrów,2014011,Zambrów,2014,20,matched
zamosc,Zamość,0664011,Zamość,0664,06,matched
zary,Żary,0811021,Żary,0811,08,matched
zgierz,Zgierz,1020031,Zgierz,1020,10,matched
zgorzelec,Zgorzelec,0225021,Zgorzelec,0225,02,matched
zlotoryja,Złotoryja,0226021,Złotoryja,0226,02,matched
zlotow,Złotów,3031011,Złotów,3031,30,matched
zyrardow,Żyrardów,1438011,Żyrardów,1438,14,matched
rawicz,Rawicz,3022054,Rawicz,rawicki,wielkopolskie,city
trzebinia,Trzebinia,1203054,Trzebinia,chrzanowski,małopolskie,city
andrychow,Andrychów,1218014,Andrychów,wadowicki,małopolskie,city
leczna,Łęczna,0610034,Łęczna,łęczyński,lubelskie,city
lomianki,Łomianki,1432054,Łomianki,legionowski,mazowieckie,city
namyslow,Namysłów,1606024,Namysłów,namysłowski,opolskie,city
trzcianka,Trzcianka,3002074,Trzcianka,czarnkowsko-trzcianecki,wielkopolskie,city
nowogard,Nowogard,3204044,Nowogard,goleniowski,zachodniopomorskie,city
pleszew,Pleszew,3020064,Pleszew,pleszewski,wielkopolskie,city
krapkowice,Krapkowice,1605024,Krapkowice,krapkowicki,opolskie,city
paslek,Pasłęk,2804074,Pasłęk,elbląski,warmińsko-mazurskie,city
pyrzyce,Pyrzyce,3212054,Pyrzyce,pyrzycki,zachodniopomorskie,city
wasilkow,Wasilków,2002134,Wasilków,białostocki,podlaskie,city
wolow,Wołów,0222034,Wołów,wołowski,dolnośląskie,city
debno,Dębno,3210034,Dębno,myśliborski,zachodniopomorskie,city
nidzica,Nidzica,2811044,Nidzica,nidzicki,warmińsko-mazurskie,city
klobuck,Kłobuck,2406014,Kłobuck,kłobucki,śląskie,city
wolsztyn,Wolsztyn,3029034,Wolsztyn,wolsztyński,wielkopolskie,city
rogozno,Rogoźno,3016024,Rogoźno,obornicki,wielkopolskie,city
zdzieszowice,Zdzieszowice,1605054,Zdzieszowice,krapkowicki,opolskie,city
brzeszcze,Brzeszcze,1213024,Brzeszcze,oświęcimski,małopolskie,city
koronowo,Koronowo,0403044,Koronowo,bydgoski,kujawsko-pomorskie,city
pinczow,Pińczów,2608044,Pińczów,pińczowski,świętokrzyskie,city
sycow,Syców,0214074,Syców,oleśnicki,dolnośląskie,city
sulecin,Sulęcin,0807044,Sulęcin,sulęciński,lubuskie,city
murowana-goslina,Murowana Goślina,3021114,Murowana Goślina,poznański,wielkopolskie,city
golub-dobrzyn,Golub-Dobrzyń,0405011,Golub-Dobrzyń,golubsko-dobrzyński,kujawsko-pomorskie,city
wloszczowa,Włoszczowa,2613064,Włoszczowa,włoszczowski,świętokrzyskie,city
szprotawa,Szprotawa,0810074,Szprotawa,żagański,lubuskie,city
kostrzyn,Kostrzyn,3021084,Kostrzyn,poznański,wielkopolskie,city
wronki,Wronki,3024084,Wronki,szamotulski,wielkopolskie,city
siechnice,Siechnice,0223084,Siechnice,wrocławski,dolnośląskie,city
biskupiec,Biskupiec,2814024,Biskupiec,olsztyński,warmińsko-mazurskie,city
milicz,Milicz,0213034,Milicz,milicki,dolnośląskie,city
koluszki,Koluszki,1006074,Koluszki,łódzki wschodni,łódzkie,city
poniatowa,Poniatowa,0612064,Poniatowa,opolski,lubelskie,city
kolbuszowa,Kolbuszowa,1806024,Kolbuszowa,kolbuszowski,podkarpackie,city
orneta,Orneta,2809054,Orneta,lidzbarski,warmińsko-mazurskie,city
tluszcz,Tłuszcz,1434114,Tłuszcz,wołomiński,mazowieckie,city
witkowo,Witkowo,3003104,Witkowo,gnieźnieński,wielkopolskie,city
poddebice,Poddębice,1011034,Poddębice,poddębicki,łódzkie,city
polaniec,Połaniec,2612054,Połaniec,staszowski,świętokrzyskie,city
kornik,Kórnik,3021093,Kórnik,poznański,wielkopolskie,city
prabuty,Prabuty,2207043,Prabuty,kwidzyński,pomorskie,city
pniewy,Pniewy,3024063,Pniewy,szamotulski,wielkopolskie,city
zychlin,Żychlin,1002113,Żychlin,kutnowski,łódzkie,city
pelplin,Pelplin,2214043,Pelplin,tczewski,pomorskie,city
barczewo,Barczewo,2814013,Barczewo,olsztyński,warmińsko-mazurskie,city
chojna,Chojna,3206033,Chojna,gryfiński,zachodniopomorskie,city
czaplinek,Czaplinek,3203013,Czaplinek,drawski,zachodniopomorskie,city
